texto_original,texto_limpo,entidades,adjetivos,substantivos
"Por que a mídia brasileira trata a Suzane von Richthofen como uma celebridade?. Eu notei isso faz um bom tempo, qualquer coisa que essa mulher faz vira notícia. Sempre achei isso bizarro, nem tanto por que ela é uma criminosa, mas por que eu nunca vi nenhum outro criminoso ser tratado dessa maneira. 

Os Nardoni? Eu nunca ouço falar deles.

A Elize Matsunaga? Só ouço falar dela novamente por conta do documentário sobre o assassinato do marido dela.

O Goleiro Bruno? Aparece de anos em anos no máximo.

Enquanto isso nós últimos anos a Suzane aparece nas notícias de meses em meses, e as notícias sobre ela são sempre algo que parece que foi tirado de um tablóide. Ela ficando grávida, estudando, visitando parentes, etc. 

Eu simplesmente não consigo entender por que diabos os sites dão tanta atenção pra essa mulher.","Por que a mídia brasileira trata a Suzane von Richthofen como uma celebridade?. Eu notei isso faz um bom tempo, qualquer coisa que essa mulher faz vira notícia. Sempre achei isso bizarro, nem tanto por que ela é uma criminosa, mas por que eu nunca vi nenhum outro criminoso ser tratado dessa maneira. Os Nardoni? Eu nunca ouço falar deles. A Elize Matsunaga? Só ouço falar dela novamente por conta do documentário sobre o assassinato do marido dela. O Goleiro Bruno? Aparece de anos em anos no máximo. Enquanto isso nós últimos anos a Suzane aparece nas notícias de meses em meses, e as notícias sobre ela são sempre algo que parece que foi tirado de um tablóide. Ela ficando grávida, estudando, visitando parentes, etc. Eu simplesmente não consigo entender por que diabos os sites dão tanta atenção pra essa mulher.","Suzane von Richthofen, Nardoni, Elize Matsunaga, Goleiro Bruno, Suzane","brasileira, bom, bizarro, criminoso, últimos, grávida","mídia, celebridade, tempo, coisa, mulher, notícia, tanto, criminosa, maneira, conta, documentário, assassinato, marido, anos, anos, máximo, anos, notícias, meses, meses, notícias, tablóide, parentes, diabos, sites, atenção, mulher"
"Elize Matsunaga. Eu fiquei chocado em como pessoas foram manipuladas pela Netflix, retrataram mulher como uma vítima  de abuso do marido e tentou justificar o assassinato e se fosse diferente? Se ele matasse e fatiasse ela? Acho que nem vivo estaria! Uma pena que psicopatas ultimamente são romantizados e glorificados nesse País","Elize Matsunaga. Eu fiquei chocado em como pessoas foram manipuladas pela Netflix, retrataram mulher como uma vítima de abuso do marido e tentou justificar o assassinato e se fosse diferente? Se ele matasse e fatiasse ela? Acho que nem vivo estaria! Uma pena que psicopatas ultimamente são romantizados e glorificados nesse País","Elize Matsunaga, Netflix, País","chocado, diferente","pessoas, mulher, vítima, abuso, marido, assassinato, pena, psicopatas, país"
[OC] Fanart do legista esquisitão do documentário da Elize Matsunaga. ,[OC] Fanart do legista esquisitão do documentário da Elize Matsunaga.,"OC, Fanart, Elize Matsunaga",esquisitão,"legista, documentário"
"HEA que a Elize Matsunaga já está regime semiaberto. E que tem previsao para ficar livre em 2028. Bicho, 12 ANOS sendo que poucos foram em regime fechado para alguem que esquartejou o marido e que teve grande repercussão. Esse país é uma piada.","HEA que a Elize Matsunaga já está regime semiaberto. E que tem previsao para ficar livre em 2028. Bicho, 12 ANOS sendo que poucos foram em regime fechado para alguem que esquartejou o marido e que teve grande repercussão. Esse país é uma piada.","HEA, Elize Matsunaga","semiaberto, livre, grande","regime, anos, regime, marido, repercussão, país, piada"
"Elize Matsunaga: Era Uma Vez Um Crime / Alguns devaneios sobre a série. &amp;#x200B;

Eu tive sentimentos conflitantes assistindo a série, eles conseguiram de certa forma ""humanizar"" a Elize, o fato dela ter sido GP e ter sofrido preconceito com isso, enquanto seu marido, que transava com GP's frequentemente, não sofreu algum preconceito.  
Porém é muito difícil de julgar as atitudes de uma pessoa que foi executada e esquartejada pela própria esposa.  


Fiquei horrorizado com uma cena de um apresentador de um cidade alerta aleatório, reclamando da saidinha da Elize, dizendo que na cadeia estava em um ""spa"", pois estava de unhas feitas e cabelo alisado, o que ele queria ver? uma pessoa vestindo trapos, cabelo desarrumado e definhando? Me assusta acreditar que existem pessoas que realmente pensam dessa forma, o sistema penitenciário tem o dever de recuperar pessoas e não apenas punir.  


Me impressionou como uma sequencia de decisões merdas desencadearam nesse final trágico, Marcos se afastando de amigos, saindo com gps, traindo a esposa, o fato de ele basicamente comprar a Elize de um site de acompanhantes, ter armas em casa... enfim, são diversas decisões erradas na vida dos 2 membros dessa história que culminaram no assassinato.  


Acho muito improvável a teoria de que exista uma terceira pessoa envolvida, porém, a forma como o assassinato aconteceu ainda é muito estranha, e a própria Elize afirma no documentário que há detalhes que ela só falará para sua filha. Eu acredito, na verdade, tenho quase certeza, de que essa história que ela conta do Marcos ter partido para cima dela foi apenas estratégia dos advogados de defesa para diminuir a pena, com certeza a Elize não deu nenhuma chance de reação ao Marcos e atirou de curta distancia, dito isso, o que acaba com a teoria de existir uma terceira pessoa envolvida é não ter nenhum vestígio de imagem dessa pessoa chegando ou saindo do apartamento, e, convenhamos, se mais de uma pessoa estivesse envolvida, com certeza teriam pensado em algo melhor para fazer com os restos mortais do que jogar em qualquer mato na estrada, se ja foram tão longe, por que não enterrar? ou botar fogo?  


Alguém ai ja assistiu, o que acharam?","Elize Matsunaga: Era Uma Vez Um Crime / Alguns devaneios sobre a série. &; Eu tive sentimentos conflitantes assistindo a série, eles conseguiram de certa forma ""humanizar"" a Elize, o fato dela ter sido GP e ter sofrido preconceito com isso, enquanto seu marido, que transava com GP' frequentemente, não sofreu algum preconceito. Porém é muito difícil de julgar as atitudes de uma pessoa que foi executada e esquartejada pela própria esposa. Fiquei horrorizado com uma cena de um apresentador de um cidade alerta aleatório, reclamando da saidinha da Elize, dizendo que na cadeia estava em um ""spa"", pois estava de unhas feitas e cabelo alisado, o que ele queria ver? uma pessoa vestindo trapos, cabelo desarrumado e definhando? Me assusta acreditar que existem pessoas que realmente pensam dessa forma, o sistema penitenciário tem o dever de recuperar pessoas e não apenas punir. Me impressionou como uma sequencia de decisões merdas desencadearam nesse final trágico, Marcos se afastando de amigos, saindo com gps, traindo a esposa, o fato de ele basicamente comprar a Elize de um site de acompanhantes, ter armas em casa. enfim, são diversas decisões erradas na vida dos 2 membros dessa história que culminaram no assassinato. Acho muito improvável a teoria de que exista uma terceira pessoa envolvida, porém, a forma como o assassinato aconteceu ainda é muito estranha, e a própria Elize afirma no documentário que há detalhes que ela só falará para sua filha. Eu acredito, na verdade, tenho quase certeza, de que essa história que ela conta do Marcos ter partido para cima dela foi apenas estratégia dos advogados de defesa para diminuir a pena, com certeza a Elize não deu nenhuma chance de reação ao Marcos e atirou de curta distancia, dito isso, o que acaba com a teoria de existir uma terceira pessoa envolvida é não ter nenhum vestígio de imagem dessa pessoa chegando ou saindo do apartamento, e, convenhamos, se mais de uma pessoa estivesse envolvida, com certeza teriam pensado em algo melhor para fazer com os restos mortais do que jogar em qualquer mato na estrada, se ja foram tão longe, por que não enterrar? ou botar fogo? Alguém ai ja assistiu, o que acharam?","Elize Matsunaga, Era Uma Vez Um Crime, Elize, Elize, Marcos, gps, Elize, Elize, Marcos, Elize, Marcos, Alguém","conflitantes, difícil, horrorizado, aleatório, penitenciário, trágico, diversas, improvável, terceira, estranha, curta, terceira, melhor, mortais","devaneios, série, &, sentimentos, série, forma, fato, gp, preconceito, marido, gp, preconceito, atitudes, pessoa, esposa, cena, apresentador, cidade, saidinha, cadeia, spa, unhas, cabelo, pessoa, trapos, cabelo, pessoas, forma, sistema, dever, pessoas, sequencia, decisões, merdas, final, amigos, esposa, fato, site, acompanhantes, armas, casa, decisões, vida, membros, história, assassinato, teoria, pessoa, forma, assassinato, documentário, detalhes, filha, verdade, certeza, história, partido, cima, estratégia, advogados, defesa, pena, certeza, chance, reação, distancia, teoria, pessoa, vestígio, imagem, pessoa, apartamento, pessoa, certeza, restos, mato, estrada, fogo"
"Documentário da Elize Matsunaga. Incrível como essa mídia lacradora tenta eximir essa tal Elise Matsunaga, inclusive dizendo que o julgamento foi feito de maneira ""machista"". Puta querendo respeito.","Documentário da Elize Matsunaga. Incrível como essa mídia lacradora tenta eximir essa tal Elise Matsunaga, inclusive dizendo que o julgamento foi feito de maneira ""machista"". Puta querendo respeito.","Elize Matsunaga, Elise Matsunaga, Puta","incrível, lacradora, machista","documentário, mídia, julgamento, maneira, puta, respeito"
DOCUMENTÁRIO DA NETFLIX CANONIZA ELIZE MATSUNAGA COMO SANTA VÍTIMA DO MA.... ,DOCUMENTÁRIO DA NETFLIX CANONIZA ELIZE MATSUNAGA COMO SANTA VÍTIMA DO MA.,DOCUMENTÁRIO DA NETFLIX CANONIZA,,
"Any Brazilian/Portuguese readers here? 😃 1/52✔️. True Crime book about a woman who murdered her millionaire husband, cut his body up in pieces and threw then along the road. 
This was a very notorious crime in Brazil.
Strongly recommend it if you are into True Crime genre.","Any Brazilian/Portuguese readers here? 😃 1/52✔️. True Crime book about a woman who murdered her millionaire husband, cut his body up in pieces and threw then along the road. This was a very notorious crime in Brazil. Strongly recommend it if you are into True Crime genre.","Any Brazilian, True Crime, woman who murdered, up in pieces and threw then along the road, Strongly recommend it if you are into, True Crime",😃,crime
