texto_original,texto_limpo,entidades,lemmas,noun_chunks,score_sentimento
"Defender a Elize Matsunaga é igual defender o Goleiro Bruno. Eu realmente fiquei surpreso ao me deparar com uma legião de pessoas, principalmente no twitter, Tiktok e Instagram, que abertamente apoiam a Elize Matsunaga, condenada por matar e esquartejar o próprio marido. Depois que aquela série ""Tremembé"" foi lançada, parace que o fã clube dela aumentou, exponencialmente, a ponto ter até perfis em redes sociais só com edites e cortes de entrevista ou depoimento. 

E, assim, isso é completamente loucura. 

A galera jura que ela fez o que fez para se defender (???) e que Marcos ""mereceu"" o destino que teve por suas falhas de caráter e moral. 

 A galera é incapaz de entender que o crime dela não foi passional e nem para se defender: ela calculou aquilo, planejou e executou um plano — ainda que um plano bem falho e ela tenha sido bem burra na execução. Depois, com a repercussão, a defesa apelou para a tese de ""esposa oprimida"" que não colou no juri.

Ela fez o que fez por sentimento de posse. Ela simplesmente não suportou a ideia de ver o Marcos repetindo com ela aquilo que fez com a esposa anterior. O que ela esperava? Que fosse promovida de amante à esposa e o cargo anterior ficasse vago? Ela era narcisista, isso sim. E por falar em narcisismo, quem as defende não se dão conta que a maior vítima da história é a filha do casal que cresceu sem pai e sem mãe. Se ela tava tão preocupada assim com o futuro da filha — de acordo com a tese de alguns, o motivo do crime — como não pensou, em nenhum momento, no seu destino caso ela fosse presa pelo crime? O crime dela é qualificado em mil graus.

Eu percebo que a discussão não gira em torno dos aspectos jurídicos do caso, mas sim na rivalidade de gênero.  Isso é bizarro. Argumentar que exista algum tipo de ""motivo"" que justifique o planejamento de uma homicídio a sangue frio e a ocultação de cadáver, é dar salvo conduto, inclusive, para o goleiro Bruno — uma das motivações teria sido chantagens feitas por Elisa, o que, obviamente, está longe de justificar a barbaridade.

Aí eu pergunto: as pessoas são sem noção ou simplesmente escolhem o crime que querem taxar de abominável?","Defender a Elize Matsunaga é igual defender o Goleiro Bruno. Eu realmente fiquei surpreso ao me deparar com uma legião de pessoas, principalmente no twitter, Tiktok e Instagram, que abertamente apoiam a Elize Matsunaga, condenada por matar e esquartejar o próprio marido. Depois que aquela série ""Tremembé"" foi lançada, parace que o fã clube dela aumentou, exponencialmente, a ponto ter até perfis em redes sociais só com edites e cortes de entrevista ou depoimento. E, assim, isso é completamente loucura. A galera jura que ela fez o que fez para se defender (?) e que Marcos ""mereceu"" o destino que teve por suas falhas de caráter e moral. A galera é incapaz de entender que o crime dela não foi passional e nem para se defender: ela calculou aquilo, planejou e executou um plano — ainda que um plano bem falho e ela tenha sido bem burra na execução. Depois, com a repercussão, a defesa apelou para a tese de ""esposa oprimida"" que não colou no juri. Ela fez o que fez por sentimento de posse. Ela simplesmente não suportou a ideia de ver o Marcos repetindo com ela aquilo que fez com a esposa anterior. O que ela esperava? Que fosse promovida de amante à esposa e o cargo anterior ficasse vago? Ela era narcisista, isso sim. E por falar em narcisismo, quem as defende não se dão conta que a maior vítima da história é a filha do casal que cresceu sem pai e sem mãe. Se ela tava tão preocupada assim com o futuro da filha — de acordo com a tese de alguns, o motivo do crime — como não pensou, em nenhum momento, no seu destino caso ela fosse presa pelo crime? O crime dela é qualificado em mil graus. Eu percebo que a discussão não gira em torno dos aspectos jurídicos do caso, mas sim na rivalidade de gênero. Isso é bizarro. Argumentar que exista algum tipo de ""motivo"" que justifique o planejamento de uma homicídio a sangue frio e a ocultação de cadáver, é dar salvo conduto, inclusive, para o goleiro Bruno — uma das motivações teria sido chantagens feitas por Elisa, o que, obviamente, está longe de justificar a barbaridade. Aí eu pergunto: as pessoas são sem noção ou simplesmente escolhem o crime que querem taxar de abominável?","Defender, Elize Matsunaga, Goleiro Bruno, twitter, Tiktok, Instagram, Elize Matsunaga, Tremembé, parace, Marcos, Marcos, Bruno, Elisa",defender elize matsunaga igual defender goleiro bruno realmente fiquei surpreso deparar legião pessoa principalmente twitter tiktok instagram abertamente apoiar elize matsunaga condenar matar esquartejar marido série tremembé lançar parace fã clube de ela aumentar exponencialmente perfi rede social edite corte entrevista depoimento completamente loucura galera jurar defender marcos merecer destino falha caráter moral galera incapaz entender crime de ela passional defender calcular planejar executar plano plano falho ter ser burro execução repercussão defesa apelar tese esposo oprimido colar juri sentimento posse simplesmente suportar ideia marcos repetir esposa anterior esperar ser promovir amante esposo cargo anterior ficar vago narcisista falar narcisismo defender conta vítima história filha casal crescer pai mãe tar preocupado futuro filha acordo tese motivo crime pensar nenhum destino caso ser presa crime crime de ela qualificar grau perceber discussão giro torno aspecto jurídico caso rivalidade gênero bizarro argumentar existir algum motivo justifiquar planejamento homicídio sangue frio ocultação cadáver salvo conduto goleiro bruno motivação ter ser chantagem fazer elisa obviamente justificar barbaridade perguntar pessoa noção simplesmente escolher crime taxar abominável,"Elize Matsunaga, o Goleiro Bruno, Eu, surpreso, me, uma legião, pessoas, , principalmente no twitter, , Tiktok, Instagram, que, Elize Matsunaga, condenada por matar e esquartejar o próprio marido, aquela série, Tremembé, parace, dela, perfis, redes sociais, só com edites, cortes, entrevista, depoimento, isso, A galera, ela, o, que, e que Marcos "", o destino, que, suas falhas, caráter, A galera, o crime, dela, ela, aquilo, um plano, ela, execução, a repercussão, a defesa, a tese, ""esposa oprimida, que, juri, Ela, o, que, sentimento, posse, Ela, a ideia, o Marcos, ela, aquilo, que, a esposa anterior, O, que, ela, amante, esposa, o cargo anterior, Ela, , isso, narcisismo, quem, as, conta, a maior vítima, história, casal, que, pai, sem mãe, ela, o futuro, filha, acordo, a tese, crime, nenhum momento, seu destino, ela, crime, O crime, dela, mil graus, Eu, a discussão, torno dos aspectos jurídicos, caso, gênero, Isso, algum tipo, ""motivo, que, o planejamento, uma homicídio, sangue frio, a ocultação, cadáver, conduto, o goleiro, Bruno, motivações, Elisa, o, que, a barbaridade, eu, as pessoas, o crime, que",1 star
Qual a sua opinião sobre o caso Elize Matsunaga?. ,Qual a sua opinião sobre o caso Elize Matsunaga?.,Elize Matsunaga,opinião caso elize matsunaga,"a sua opinião, o caso, Elize Matsunaga",3 stars
Has anyone else watched the Elize Matsunaga docuseries yet?. I can't stop. I'm on the last episode.,Has anyone else watched the Elize Matsunaga docuseries yet?. I can't stop. I'm on the last episode.,"Has anyone, Elize Matsunaga, I can't stop, I'm on the last episode",has anyone else watched the elize matsunaga docuseries yet i can't stop i'm on the last episode,"Has anyone else watched the Elize Matsunaga docuseries yet?., I can't stop.",1 star
"Elize Matsunaga shot her husband in the head, chopped up his body, packed his dismembered body into suitcases, wheeled those suitcases into the elevator of their apartment building, and drove them to a wooded area and buried them in a shallow grave..I mean this woman is a real jerk.. ","Elize Matsunaga shot her husband in the head, chopped up his body, packed his dismembered body into suitcases, wheeled those suitcases into the elevator of their apartment building, and drove them to a wooded area and buried them in a shallow grave.I mean this woman is a real jerk.","Elize Matsunaga, chopped up his body, packed his dismembered, wheeled those, into the elevator of their apartment building, I mean this woman is a real jerk",elize matsunaga shot her husband in the head chopped up his body packed his dismembered body into suitcases wheeled those suitcases into the elevator of their apartment building and drove them to wooded area and buried them in shallow grave i mean this woman is real jerk,"Elize Matsunaga, her husband in the head, chopped up his body, packed his dismembered, body, suitcases, , wheeled, , and, wooded area and buried them in, a shallow grave, I mean this woman is a real jerk.",1 star
"Netflix documentary about Brazilian woman that murdered and dismembered his Japanese husband. Doing my research about the Asian American experience dating in South America I stumbled across a Netflix documentary called  ""Elize Matsunaga: Once Upon a Crime"" which consists of 4 episodes. 

I highly recommend if you are Asian to binge it to try to understand how Asians are perceived in South America. From what I've been able to digest is that South Americans tend to see Asians as privileged with a secure income.

The victim was Marcos Kitano Matsunaga was the heir of the food company ""Yoki"". Marcos met her future wife a White Brazilian **Elize Araújo Giacomini in an escort website.**

**He ended up marrying her and having a daughter but was unable to satisfy his womanizing ways and kept hooking up with escorts to the point that he even made reviews about his experiences in forums dedicated to the escort experience.**

The rest you can make the conjectures. 

With recent cases of the dangers of dating in Colombia. I've been also considering Brazil and Peru from reading that Asians are numerous in those countries and I won't stand out as much as in Colombia. The thing is I wonder how genuine dating is in those countries in a way I could read their intentions if they are truly interested in me or my money. I have no connections nor friends to go with.

&amp;#x200B;

&amp;#x200B;

&amp;#x200B;

&amp;#x200B;","Netflix documentary about Brazilian woman that murdered and dismembered his Japanese husband. Doing my research about the Asian American experience dating in South America I stumbled across a Netflix documentary called ""Elize Matsunaga: Once Upon a Crime"" which consists of 4 episodes. I highly recommend if you are Asian to binge it to try to understand how Asians are perceived in South America. From what I've been able to digest is that South Americans tend to see Asians as privileged with a secure income. The victim was Marcos Kitano Matsunaga was the heir of the food company ""Yoki"". Marcos met her future wife a White Brazilian **Elize Araújo Giacomini in an escort website.** **He ended up marrying her and having a daughter but was unable to satisfy his womanizing ways and kept hooking up with escorts to the point that he even made reviews about his experiences in forums dedicated to the escort experience.** The rest you can make the conjectures. With recent cases of the dangers of dating in Colombia. I've been also considering Brazil and Peru from reading that Asians are numerous in those countries and I won't stand out as much as in Colombia. The thing is I wonder how genuine dating is in those countries in a way I could read their intentions if they are truly interested in me or my money. I have no connections nor friends to go with. &; &; &; &;","Netflix, Brazilian woman that murdered and dismembered, Japanese husband, Doing my research about the Asian American experience dating in South America I stumbled across, Netflix, Elize Matsunaga, Once Upon a Crime, I highly recommend if you are Asian to binge it to try to understand how Asians are perceived in, South America, From what I've been able to digest is that South Americans tend to see Asians, Marcos, Yoki, Marcos, White Brazilian *, Elize, daughter but was unable to satisfy, **, Colombia, I've been also considering, Brazil, Peru, Colombia, The thing is I wonder how genuine dating is in those countries in a way I could read their intentions if they are truly interested in me or my money",netflix documentary about brazilian woman that murdered and dismembered his japanese husband doing my research about the asian american experience dating in south america i stumbled across netflix documentary called elize matsunaga once upon crime which consists of 4 episode i highly recommend if you are asian to binge it to try to understand how asians are perceived in south america from what i've been able to digest is that south americans tend to see asians privileged with secure income the victim was marcos kitano matsunaga was the heir of the food company yoki marcos met her future wife white brazilian elize araújo giacomini in an escort website he ended up marrying her and having daughter but was unable to satisfy his womanizing ways and kept hooking up with escorts to the point that he even made reviews about his experiences in forums dedicated to the escort experience the rest you can make the conjectur with recent case of the dangers of dating in colombia i've been also considering brazil and peru from reading that asians are numerous in those countries and i won't stand out much in colombia the thing is i wonder how genuine dating is in those countries in way i could read their intentions if they are truly interested in or my money i have connections nor friends to go with,"Netflix documentary about Brazilian woman that murdered and dismembered his Japanese husband., Doing my research about the Asian American experience dating in South America I stumbled across a Netflix documentary called ""Elize Matsunaga:, Once Upon a Crime"" which consists of 4 episodes., I highly recommend if you are Asian to binge it to try to understand how Asians are, South America., From what I've been able to digest is that South Americans tend to see Asians as privileged with a secure income., The victim was Marcos Kitano Matsunaga was the heir of the food company ""Yoki""., Marcos met her future wife a White Brazilian **Elize Araújo Giacomini in an escort website., He ended up marrying her and, a daughter but was unable to satisfy his, womanizing, reviews, about his, The rest you can make the conjectures., With recent cases of, the, dangers, of dating in Colombia., I've been also, Brazil and, and I, won't stand out, as much as in Colombia, The thing is I wonder how genuine dating is in those countries in a way I could read their intentions if they are truly interested in me or my money., I have no connections nor friends to go with., &, &, &, &",4 stars
"Elize Matsunaga é condenada a 19 anos e 11 meses de prisão por matar e esquartejar o marido, diretor da Yoki. ","Elize Matsunaga é condenada a 19 anos e 11 meses de prisão por matar e esquartejar o marido, diretor da Yoki.","Elize Matsunaga, Yoki",elize matsunaga condenar 19 ano 11 prisão matar esquartejar marido diretor yoki,"Elize Matsunaga, 19 anos, 11 meses, prisão, o marido, , diretor, Yoki",1 star
"Does this Brazilian criminal pass as fully European? She's obviously predominantly European, but her mother is black/mulatta.. Her mother is in the last picture.","Does this Brazilian criminal pass as fully European? She' obviously predominantly European, but her mother is black/mulatta. Her mother is in the last picture.","Does this Brazilian, European?, Her mother is in the last picture",does this brazilian criminal pass fully european she obviously predominantly european but her mother is black mulatta her mother is in the last picture,"Does this Brazilian criminal, as fully European, She, , but, /mulatta, Her mother is in the last picture.",1 star
Uberização da Elize Matsunaga. ,Uberização da Elize Matsunaga.,Elize Matsunaga,uberização elize matsunaga,"Uberização, Elize Matsunaga",1 star
Uberização da Elize Matsunaga. ,Uberização da Elize Matsunaga.,Elize Matsunaga,uberização elize matsunaga,"Uberização, Elize Matsunaga",1 star
Gente que idolatra assassinos são idiotas. ,Gente que idolatra assassinos são idiotas.,,gente idolatrar assassino idiota,"Gente, que, assassinos",1 star
A Elize Matsunaga estava trabalhando de Uber. Sabe por que ela chega rápido?. Porque ela sabe cortar caminho.,A Elize Matsunaga estava trabalhando de Uber. Sabe por que ela chega rápido?. Porque ela sabe cortar caminho.,"Elize Matsunaga, Uber",elize matsunaga trabalhar uber chegar rápido cortar,"A Elize Matsunaga, Uber, ela, ela, caminho",3 stars
"""Após ganhar nota 4.8 como motorista de aplicativo, Elize Matsunaga aparece em corte de vídeo agradecendo apoio"" 🤣🤣🤣🤣🤣🤣🤣🤣. ","""Após ganhar nota 4.8 como motorista de aplicativo, Elize Matsunaga aparece em corte de vídeo agradecendo apoio"" 🤣🤣🤣🤣🤣🤣🤣🤣.",Elize Matsunaga,ganhar nota 4.8 motorista aplicativo elize matsunaga aparecer corte vídeo agradecer 🤣 🤣 🤣 🤣 🤣 🤣 🤣 🤣,"nota, motorista, aplicativo, Elize Matsunaga, corte, vídeo, apoio, 🤣, 🤣",4 stars
"Romantizar/Vangloriar casos como o de Elize Matsunaga, realmente contribui para diminuir casos de feminicídio?. ","Romantizar/Vangloriar casos como o de Elize Matsunaga, realmente contribui para diminuir casos de feminicídio?.","Romantizar, Vangloriar, Elize Matsunaga",romantizar vangloriar caso elize matsunaga realmente contribuir diminuir caso feminicídio,"Romantizar, casos, o, Elize Matsunaga, casos, feminicídio",4 stars
Elize Matsunaga vira motorista de aplicativo - 23/02/2023 - Rede Social. ,Elize Matsunaga vira motorista de aplicativo - 23/02/2023 - Rede Social.,"Elize Matsunaga, Rede Social",elize matsunaga virar motorista aplicativo 23/02/2023 rede social,"Elize Matsunaga, motorista, aplicativo, - 23/02/2023, - Rede Social",1 star
Qual é o filme romântico favorito da Elize Matsunaga?. Um Amor Para Recortar,Qual é o filme romântico favorito da Elize Matsunaga?. Um Amor Para Recortar,Elize Matsunaga,filme romântico favorito elize matsunaga amor recortar,"Qual, é o filme romântico, Elize Matsunaga, Recortar",5 stars
"Por que a mídia brasileira trata a Suzane von Richthofen como uma celebridade?. Eu notei isso faz um bom tempo, qualquer coisa que essa mulher faz vira notícia. Sempre achei isso bizarro, nem tanto por que ela é uma criminosa, mas por que eu nunca vi nenhum outro criminoso ser tratado dessa maneira. 

Os Nardoni? Eu nunca ouço falar deles.

A Elize Matsunaga? Só ouço falar dela novamente por conta do documentário sobre o assassinato do marido dela.

O Goleiro Bruno? Aparece de anos em anos no máximo.

Enquanto isso nós últimos anos a Suzane aparece nas notícias de meses em meses, e as notícias sobre ela são sempre algo que parece que foi tirado de um tablóide. Ela ficando grávida, estudando, visitando parentes, etc. 

Eu simplesmente não consigo entender por que diabos os sites dão tanta atenção pra essa mulher.","Por que a mídia brasileira trata a Suzane von Richthofen como uma celebridade?. Eu notei isso faz um bom tempo, qualquer coisa que essa mulher faz vira notícia. Sempre achei isso bizarro, nem tanto por que ela é uma criminosa, mas por que eu nunca vi nenhum outro criminoso ser tratado dessa maneira. Os Nardoni? Eu nunca ouço falar deles. A Elize Matsunaga? Só ouço falar dela novamente por conta do documentário sobre o assassinato do marido dela. O Goleiro Bruno? Aparece de anos em anos no máximo. Enquanto isso nós últimos anos a Suzane aparece nas notícias de meses em meses, e as notícias sobre ela são sempre algo que parece que foi tirado de um tablóide. Ela ficando grávida, estudando, visitando parentes, etc. Eu simplesmente não consigo entender por que diabos os sites dão tanta atenção pra essa mulher.","Suzane von Richthofen, Nardoni, Elize Matsunaga, Goleiro Bruno, Suzane",mídia brasileiro tratar suzane von richthofen celebridade notar mulher virar notícia achar bizarro criminoso ver nenhum outro criminoso tratar maneira nardoni ouçor falar de eles elize matsunaga ouçor falar de ela novamente conta documentário assassinato marido de ela goleiro bruno aparece ano ano último ano suzane aparecer notícia notícia tirar tablóide ficar grávido estudar visitar parente etc. simplesmente consigo entender diabo site atenção pra mulher,"a mídia brasileira, a Suzane von Richthofen, uma celebridade, Eu, isso, um bom tempo, , qualquer coisa, que, essa mulher, notícia, ela, eu, maneira, Os Nardoni, Eu, deles, A Elize Matsunaga?, dela, conta, documentário, o assassinato, marido, dela, O Goleiro Bruno?, anos, anos, máximo, isso, nós, últimos anos, a Suzane, notícias, meses, meses, as notícias, ela, que, um tablóide, Ela, parentes, Eu, os sites, tanta atenção, essa mulher",1 star
"Mulheres tóxicas com homens também existem.. Não gosto do movimento Red Pill e concordo que é um movimento lotado de retardado misógino, mas isso não significa que as mulheres são ""santinhas"", pois muitas delas se assemelham com os próprios red pills no sentido inverso. Por exemplo, enquanto um homem red pill prega que uma mulher com 30 anos"" perde o valor"" ( eu discordo ), muitas mulheres impõem inúmeros padrões estéticos aos homens e podendo até mesmo ser mais exigente do que os red pills, como por exemplo em relação a altura, cabelo e tamanho do pênis ( coisas que o homem não pode escolher ). Porém geralmente apenas o homem é taxado de ""tóxico"" por ser exigente, já a mulher é vista como ""empoderada"" ou outras atribuições consideradas positivas. 

Além disso também existe as mulheres que demonizam o sexo masculino, considerando por exemplo todo homem um potencial estuprador, enquanto as mulheres não são consideradas potenciais estupradoras mesmo existindo casos de estupro praticado por mulheres. E para piorar muitas também idolatram ou tentam ""justificar"" crimes hediondos praticados por mulheres como no caso da Elize Matsunaga. Ou seja, essas mulheres se igualam aos homens misóginos, só mudando o termo ( misandria ). 

Conclusão: A feminilidade tóxica não é menos pior que a masculinidade tóxica. ","Mulheres tóxicas com homens também existem. Não gosto do movimento Red Pill e concordo que é um movimento lotado de retardado misógino, mas isso não significa que as mulheres são ""santinhas"", pois muitas delas se assemelham com os próprios red pills no sentido inverso. Por exemplo, enquanto um homem red pill prega que uma mulher com 30 anos"" perde o valor"" ( eu discordo ), muitas mulheres impõem inúmeros padrões estéticos aos homens e podendo até mesmo ser mais exigente do que os red pills, como por exemplo em relação a altura, cabelo e tamanho do pênis ( coisas que o homem não pode escolher ). Porém geralmente apenas o homem é taxado de ""tóxico"" por ser exigente, já a mulher é vista como ""empoderada"" ou outras atribuições consideradas positivas. Além disso também existe as mulheres que demonizam o sexo masculino, considerando por exemplo todo homem um potencial estuprador, enquanto as mulheres não são consideradas potenciais estupradoras mesmo existindo casos de estupro praticado por mulheres. E para piorar muitas também idolatram ou tentam ""justificar"" crimes hediondos praticados por mulheres como no caso da Elize Matsunaga. Ou seja, essas mulheres se igualam aos homens misóginos, só mudando o termo ( misandria ). Conclusão: A feminilidade tóxica não é menos pior que a masculinidade tóxica.","Red Pill, red pill, red pills, Elize Matsunaga",mulheres tóxico homem existir gostar movimento red pill concordar movimento lotar retardar misógino significar mulher santinha muito de ele assemelhar próprio red pills sentido inverso homem red pill pregar mulher 30 ano perder discordar muito mulher impõir inúmero padrão estético homem poder exigente red pills altura cabelo tamanho pênis coisa homem escolher geralmente homem taxar tóxico exigente mulher ver empoderar atribuição considerar positivo existir mulher demonizar sexo masculino considerar homem potencial estuprador mulher considerar potencial estupradora existir caso estupro praticar mulher piorar muito idolatrar tentar justificar crime hediondo praticar mulher caso elize matsunaga ser mulher igualar homem misógino mudar termo misandrio conclusão feminilidade tóxico mau masculinidade tóxico,"Mulheres tóxicas, homens, movimento, Red Pill, isso, as mulheres, muitas, delas, os próprios red pills, sentido inverso, um homem red pill, uma mulher, 30 anos, o valor, eu, , muitas mulheres, inúmeros padrões estéticos, homens, que os red pills, relação, a altura, , cabelo, tamanho, pênis, ( coisas, que, o homem, o homem, a mulher, outras atribuições, as mulheres, que, o sexo masculino, exemplo, todo homem um potencial estuprador, as mulheres, casos, estupro, mulheres, crimes hediondos, mulheres, no caso, Elize Matsunaga, essas mulheres, homens misóginos, o termo ( misandria ), Conclusão, A feminilidade tóxica, que a masculinidade tóxica",2 stars
"Conselho pro namorado da Elize Matsunaga:. &gt;!Se o relacionamento não der certo, o negócio é juntar os pedaços e seguir em frente...!&lt;","Conselho pro namorado da Elize Matsunaga:. >!Se o relacionamento não der certo, o negócio é juntar os pedaços e seguir em frente.!<",Elize Matsunaga,pro namorado elize matsunaga > relacionamento dar certo negócio juntar pedaço seguir frente <,"Conselho, namorado, Elize Matsunaga, o relacionamento, o negócio, os pedaços, frente, <",4 stars
E impressionante a quantidade de mulher defendendo essa Assassina no comentários. ,E impressionante a quantidade de mulher defendendo essa Assassina no comentários.,Assassina,impressionante quantidade mulher defender assassina comentário,"a quantidade, mulher, essa Assassina, comentários",5 stars
"Elisany da Cruz Silva, considerada a mulher mais alta do Brasil (2,07m), com seu marido Francinaldo (1,65m) ❤️. ","Elisany da Cruz Silva, considerada a mulher mais alta do Brasil (2,07m), com seu marido Francinaldo (1,65m) ❤️.","Brasil, Francinaldo","elisany cruz silva considerar mulher alto brasil 2,07 m marido francinaldo 1,65 m ❤ ️.","Elisany, Cruz Silva, a mulher mais alta, Brasil, (2,07m, , com seu marido, Francinaldo, (1,65m, ❤",5 stars
"Elize Matsunaga. Eu fiquei chocado em como pessoas foram manipuladas pela Netflix, retrataram mulher como uma vítima  de abuso do marido e tentou justificar o assassinato e se fosse diferente? Se ele matasse e fatiasse ela? Acho que nem vivo estaria! Uma pena que psicopatas ultimamente são romantizados e glorificados nesse País","Elize Matsunaga. Eu fiquei chocado em como pessoas foram manipuladas pela Netflix, retrataram mulher como uma vítima de abuso do marido e tentou justificar o assassinato e se fosse diferente? Se ele matasse e fatiasse ela? Acho que nem vivo estaria! Uma pena que psicopatas ultimamente são romantizados e glorificados nesse País","Elize Matsunaga, Netflix, País",elize matsunaga fiquei chocado pessoa manipular netflix retratar mulher vítima abuso marido tentar justificar assassinato ser diferente matar fatiasse achar vivo estar pena psicopata ultimamente romantizar glorificar país,"Elize Matsunaga., Eu, como pessoas, Netflix, mulher, uma vítima, abuso, marido, o assassinato, ele, ela, Uma pena que psicopatas, País",1 star
Porque Elize Matsunaga matou o marido?. Porque ele era bom partido.,Porque Elize Matsunaga matou o marido?. Porque ele era bom partido.,Elize Matsunaga,elize matsunaga matar marido partido,"Elize Matsunaga, o marido, ele",3 stars
"[Discussion] Has anyone watched «Elize Matsunaga: Once upon a crime»? What did you think?. [This Woman Killed Her Husband and Cut Him to Pieces](https://medium.com/chameleon/this-woman-killed-her-husband-and-cut-him-to-pieces-7e700fe3ce9)

[IMDB: Once upon a crime](https://www.imdb.com/title/tt14856998/)",[Discussion] Has anyone watched «Elize Matsunaga: Once upon a crime»? What did you think?. [This Woman Killed Her Husband and Cut Him to Pieces]( [IMDB: Once upon a crime](,"Discussion] Has anyone watched «, Elize Matsunaga, Once upon, This Woman Killed Her Husband and Cut Him to Pieces, IMDB, Once upon",discussion has anyone watched elize matsunaga once upon crime what did you think this woman killed her husband and cut him to pieces imdb once upon crime,"[Discussion, Has anyone watched, «Elize Matsunaga:, Once upon a crime»?, What did you think?., [This Woman Killed Her Husband and Cut Him to Pieces]( [IMDB: Once upon a crime]",1 star
[OC] Fanart do legista esquisitão do documentário da Elize Matsunaga. ,[OC] Fanart do legista esquisitão do documentário da Elize Matsunaga.,"OC, Fanart, Elize Matsunaga",oc fanart legista esquisitão documentário elize matsunaga,"[OC, Fanart, legista esquisitão, documentário, Elize Matsunaga",1 star
Elize Matsunaga vira motorista de aplicativo no interior de SP. ,Elize Matsunaga vira motorista de aplicativo no interior de SP.,"Elize Matsunaga, SP",elize matsunaga virar motorista aplicativo interior sp,"Elize Matsunaga, motorista, aplicativo, interior, SP",1 star
